{"cameraMode":{"drawMode":0,"name":"Shaded","section":"Shading Mode"},"sceneLighting":false,"audioPlay":false,"sceneViewState":{"m_AlwaysRefresh":false,"showFog":true,"showSkybox":false,"showFlares":true,"showImageEffects":true,"showParticleSystems":true,"showVisualEffectGraphs":true,"m_FxEnabled":true},"in2DMode":false,"pivot":{"x":-6.109192848205566,"y":0.9152459502220154,"z":13.113104820251465},"rotation":{"x":-0.016225481405854226,"y":-0.9579572677612305,"z":0.28178155422210696,"w":-0.05338538438081741},"size":1.3696380853652955,"orthographic":false}