{"cameraMode":{"drawMode":0,"name":"Shaded","section":"Shading Mode"},"sceneLighting":false,"audioPlay":false,"sceneViewState":{"m_AlwaysRefresh":false,"showFog":true,"showSkybox":false,"showFlares":true,"showImageEffects":true,"showParticleSystems":true,"showVisualEffectGraphs":true,"m_FxEnabled":true},"in2DMode":false,"pivot":{"x":0.10795007646083832,"y":0.00707109272480011,"z":-0.17158202826976777},"rotation":{"x":0.24994754791259767,"y":-0.11777851730585098,"z":0.0311526320874691,"w":0.9606303572654724},"size":0.8601614236831665,"orthographic":false}