{"cameraMode":{"drawMode":0,"name":"Shaded","section":"Shading Mode"},"sceneLighting":true,"audioPlay":false,"sceneViewState":{"m_AlwaysRefresh":false,"showFog":true,"showSkybox":true,"showFlares":true,"showImageEffects":true,"showParticleSystems":true,"showVisualEffectGraphs":true,"m_FxEnabled":true},"in2DMode":false,"pivot":{"x":3.7333714962005617,"y":2.044201612472534,"z":-2.4104323387145998},"rotation":{"x":-0.16425690054893495,"y":0.1180604100227356,"z":-0.019808733835816385,"w":-0.9791358113288879},"size":0.7212986946105957,"orthographic":false}